流水號,大類別,From,post_url,created_time,post_type,postID,post_message,status_type,link,轉貼標題(name),留言數,按讚數,分享數,update_time
1,post,五月天 Mayday(182099101856685),http://www.facebook.com/182099101856685_1030264100373510,2016/01/25 20:06:58,video,182099101856685_1030264100373510,誰會抽到瑪莎的銘謝惠顧呢？.家家（Jia) 1/31 15:00 [還原現場] mini live @西門大河岸https://goo.gl/8IdDyD（N）,shared_story,https://www.facebook.com/ibinmusic/videos/1533297440066686/,相信音樂國際股份有限公司,18,4631,,2016/01/25 20:06:58
1_1,comment,徐晨芸(127074877623905), ,2016/01/25 20:10:22, ,1030264100373510_1030265223706731,??, , , , ,0, , ,
1_2,comment,Shan Shuxian(10152933621827562), ,2016/01/25 20:11:46, ,1030264100373510_1030265640373356,meme meme me me, , , , ,0, , ,
1_3,comment,中肯哥(1490571217872154), ,2016/01/25 20:13:14, ,1030264100373510_1030266027039984,總統~~~, , , , ,0, , ,
1_4,comment,Carine Chan(1380906872029979), ,2016/01/25 20:13:49, ,1030264100373510_1030266230373297,我要啦！！（滾地, , , , ,0, , ,
1_5,comment,品潔陳(1700035766943906), ,2016/01/25 20:14:23, ,1030264100373510_1030266440373276,瑪莎為什麼你要那麼可愛??????, , , , ,1, , ,
1_6,comment,Hoi Yan Wong(874464102616074), ,2016/01/25 20:49:01, ,1030264100373510_1030276357038951,??也太可愛, , , , ,0, , ,
1_7,comment,陳子涵(797791936964898), ,2016/01/25 20:52:35, ,1030264100373510_1030277340372186,莎實在太可愛??, , , , ,1, , ,
1_8,comment,May Wang(1013107515370928), ,2016/01/25 20:55:05, ,1030264100373510_1030278403705413,下次可不可以不要消音啦, , , , ,0, , ,
1_9,comment,Alice  Ding(448248231991868), ,2016/01/25 21:07:09, ,1030264100373510_1030292703703983,可愛阿~~~, , , , ,0, , ,
1_10,comment,郭婉容(888729084522594), ,2016/01/25 21:58:11, ,1030264100373510_1030311123702141,瑪莎好口愛∼∼, , , , ,0, , ,
1_11,comment,紀苑宣(645068222293700), ,2016/01/25 22:07:22, ,1030264100373510_1030315793701674,莎莎自從你結婚後怎麼越來越??漂亮了??, , , , ,0, , ,
1_12,comment,郭庭佑(1025945327434474), ,2016/01/25 23:39:19, ,1030264100373510_1030369477029639,饒詩涵,tagging, , , ,1, , ,
1_13,comment,SE WI CH(947968881893072), ,2016/01/25 23:41:49, ,1030264100373510_1030370267029560,三天兩夜太趕了, , , , ,0, , ,
1_14,comment,Michelle Moore(1018638968148361), ,2016/01/26 00:22:01, ,1030264100373510_1030383983694855,How cute, , , , ,0, , ,
1_15,comment,鄭雯琪(1006308396064762), ,2016/01/26 01:05:31, ,1030264100373510_1030399007026686,笑死人哈哈哈, , , , ,0, , ,
1_16,comment,張怡雅(572942509537543), ,2016/01/26 09:17:24, ,1030264100373510_1030585993674654,?  ^_^   ?  ?  ?「減肥失敗!!」，妳試過多少方法了呢 ? 我只做了一件事，就真的…瘦身成功 !! 用對方法很快瘦好幾公斤，可以穿漂亮衣服了!! 希望大家一起變瘦變漂亮，按我名字進來，有分享可以看!!  ?  ^_^   ?  ?  ?, , , , ,0, , ,
1_17,comment,Bo Tse  Huang(403018269853486), ,2016/01/26 11:28:16, ,1030264100373510_1030623623670891,a國有腦控武器的專利，c國已對受害者賠償，j國有反追蹤的單位The a stateowned brain controls the patent of weapon， the c country has already compensated to the victim， the j is stateowned anti- to track of unit腦控(mind control)細節在我的臉書網誌detail on my facebook blog, , , , ,0, , ,
1_18,comment,減重達人 艾琳教你輕鬆瘦(1568542286757603), ,2016/01/28 11:12:52, ,1030264100373510_1031550903578163,!!挖~~~~~~~?? ?? ?? ??, , , , ,0, , ,
2,post,五月天 Mayday(182099101856685),http://www.facebook.com/182099101856685_1018175988248988,2016/01/01 20:00:00,video,182099101856685_1018175988248988,12/31 聽勇敢，1/1 唱憨人。.[憨人] 再創新高教唱版：https://youtu.be/aZVa4gnAjFA[勇敢] MV：https://youtu.be/3wrto8oJu5A（N）,shared_story,https://youtu.be/aZVa4gnAjFA,Mayday五月天 [ 憨人 ] LIVE at「NEW!再創新高迎新」演唱會,154,23381,646,2016/01/01 20:00:00
2_1,comment,??(149577732080780), ,2016/01/01 20:01:18, ,1018175988248988_1018205704912683,第一天回到高雄大團圓, , , , ,0, , ,
2_2,comment,Samm Lai Pooi Mun(10152874838948432), ,2016/01/01 20:01:30, ,1018175988248988_1018205758246011,Wj Tey， 我一度怀疑你是admin!! hahahahah,tagging, , , ,2, , ,
2_3,comment,林家揚(10204071803663885), ,2016/01/01 20:01:43, ,1018175988248988_1018205781579342,求求五月天救救柯市長~~ (誤, , , , ,218, , ,
2_4,comment,許多(925812750773337), ,2016/01/01 20:02:00, ,1018175988248988_1018205901579330,我愛五月天!!晚安!!!臺灣!!, , , , ,0, , ,
2_5,comment,楊琇暖(943565932330018), ,2016/01/01 20:03:35, ,1018175988248988_1018206221579298,謝謝 : ), , , , ,1, , ,
2_6,comment,響良牙(885049131515216), ,2016/01/01 20:04:37, ,1018175988248988_1018206438245943,, , , , ,0, , ,
2_7,comment,Evisu Wang(1083354621679562), ,2016/01/01 20:05:20, ,1018175988248988_1018206621579258,"勇敢" 聽一整天了！！百聽不厭！！謝謝∼五月天！！, , , , ,1, , ,
2_8,comment,陳廉庠(823020594449013), ,2016/01/01 20:05:43, ,1018175988248988_1018206711579249,新年快樂, , , , ,0, , ,
2_9,comment,李芊慧(174270316249180), ,2016/01/01 20:07:14, ,1018175988248988_1018207124912541,今天勇敢聽了一整天ouo, , , , ,3, , ,
2_10,comment,Hui Ping(10205945207770279), ,2016/01/01 20:08:37, ,1018175988248988_1018207334912520,阿信有听市?版的憨人?!? ????, , , , ,3, , ,
2_11,comment,Hui Ping(10205945207770279), ,2016/01/01 20:09:27, ,1018175988248988_1018207551579165,阿信哥! 我听了一整天的《勇敢》...?播到 1:24 - 1:27 ?有 2:41 - 2:44 我?突然?我??什么你唱粗?! "一遍?一遍" 笑死我...你要我怎?跟她解???????, , , , ,61, , ,
2_12,comment,我要的只是所謂的自由(1645119102397440), ,2016/01/01 20:10:44, ,1018175988248988_1018207841579136,想到柯p, , , , ,4, , ,
2_13,comment,陳小哈(973957715955605), ,2016/01/01 20:11:13, ,1018175988248988_1018207944912459,謝謝五月天今年我會“勇敢”做自己感謝你們讓我在失落難過時 能有滿滿的正能量, , , , ,4, , ,
2_14,comment,李小鎔(909107939110927), ,2016/01/01 20:13:38, ,1018175988248988_1018208841579036,????????, , , , ,1, , ,
2_15,comment,蔡芳語(439590012866998), ,2016/01/01 20:13:49, ,1018175988248988_1018208888245698,五月天的歌總是很容易感動人??, , , , ,0, , ,
2_16,comment,卓猛暉(941867269168486), ,2016/01/01 20:16:07, ,1018175988248988_1018210934912160,終於有新歌聽了 太感動了, , , , ,4, , ,
2_17,comment,Sing Wang(10203488009035090), ,2016/01/01 20:16:48, ,1018175988248988_1018211591578761,胡瓜!?, , , , ,0, , ,
2_18,comment,Lu Alvin(674490716028036), ,2016/01/01 20:17:24, ,1018175988248988_1018211981578722,哈?「憨人」看ㄧ次就感動ㄧ次謝謝MAYDAY, , , , ,3, , ,
2_19,comment,Choco Hsu(843713322384964), ,2016/01/01 20:20:46, ,1018175988248988_1018213521578568,紀向陽,tagging, , , ,1, , ,
2_20,comment,David Wang(1456164671361759), ,2016/01/01 20:23:12, ,1018175988248988_1018214461578474,憨人讚啦, , , , ,0, , ,
2_21,comment,Shu Yuan(450360588473871), ,2016/01/01 20:31:10, ,1018175988248988_1018217031578217,新年快樂！??, , , , ,0, , ,
2_22,comment,Lok Sze Black Li(906532206055934), ,2016/01/01 20:31:38, ,1018175988248988_1018217161578204,聽勇敢後我第一個感受就是:從黑白的人生中尋找彩色。, , , , ,0, , ,
2_23,comment,Liang Chun(797007933728461), ,2016/01/01 20:32:55, ,1018175988248988_1018217461578174,想當年第一天還有你們的??, , , , ,0, , ,
2_24,comment,吳淑玲(990437597633657), ,2016/01/01 20:33:27, ,1018175988248988_1018217568244830,劉禕凱 Wen Wen Huang 新年快樂！,tagging, , , ,1, , ,
2_25,comment,上田弘美(931619343539802), ,2016/01/01 20:38:19, ,1018175988248988_1018218911578029,太溫暖的。我流淚了。請今年也來日本唱歌。新年快樂！, , , , ,8, , ,
2_26,comment,施孝衡(973555219335880), ,2016/01/01 20:38:55, ,1018175988248988_1018219084911345,說到1月1日的憨人，我就會又想起柯文哲...., , , , ,2, , ,
2_27,comment,劉雅秀(122172548117771), ,2016/01/01 20:40:42, ,1018175988248988_1018219631577957,聽的好感動，還是感動，, , , , ,0, , ,
2_28,comment,Yu Lin(338459966344534), ,2016/01/01 20:41:27, ,1018175988248988_1018219934911260,以後每個1/1都要聽憨人, , , , ,0, , ,
2_29,comment,Ka Wai Leong(10153780130043206), ,2016/01/01 20:49:18, ,1018175988248988_1018222281577692,我想聽柯P跟阿信憨人的crossover不知有沒有機會聽到, , , , ,80, , ,
2_30,comment,Min-Feng Yang(1051041141578535), ,2016/01/01 20:52:28, ,1018175988248988_1018223624910891,不是應該轉小周老師指導後的柯P版XD, , , , ,2, , ,
2_31,comment,謝米淳(821792124566261), ,2016/01/01 20:52:37, ,1018175988248988_1018223731577547,憨人，勇敢五月天，with you， forever, , , , ,2, , ,
2_32,comment,Teng Rongbin(1065573923458502), ,2016/01/01 20:56:31, ,1018175988248988_1018225504910703,我太?太?你?了。。我心中的天?, , , , ,0, , ,
2_33,comment,林于舜(831417586937056), ,2016/01/01 21:06:46, ,1018175988248988_1018229391576981,這是在打臉柯p嗎?, , , , ,1, , ,
2_34,comment,Wei Yang Chao(10206262935557336), ,2016/01/01 21:08:14, ,1018175988248988_1018229938243593,科市長嘛, , , , ,0, , ,
2_35,comment,Yifang Tsai(1590099631246431), ,2016/01/01 21:09:10, ,1018175988248988_1018230244910229,Ni Yi Tseng 有不同版本耶~~好酷喔!!,tagging, , , ,1, , ,
2_36,comment,獨特微笑(792031940886626), ,2016/01/01 21:09:35, ,1018175988248988_1018230444910209,哈哈！柯p…勇敢唱憨人, , , , ,2, , ,
2_37,comment,Claire Fang(10153761931129115), ,2016/01/01 21:10:16, ,1018175988248988_1018230678243519,Charisse Fang,tagging, , , ,0, , ,
2_38,comment,林博陽(969076676459180), ,2016/01/01 21:12:06, ,1018175988248988_1018231284910125,一世人到永遠 機掰個機掰, , , , ,1, , ,
2_39,comment,Terence Yeoh(10153507290142880), ,2016/01/01 21:19:56, ,1018175988248988_1018234248243162,FongTee Lim ????,tagging, , , ,1, , ,
2_40,comment,Yi-hao Hong(1057116017651021), ,2016/01/01 21:20:47, ,1018175988248988_1018234554909798,, , , , ,0, , ,
2_41,comment,TaiYik Teo(826595440767126), ,2016/01/01 21:28:33, ,1018175988248988_1018245334908720,?裁你瘦了！！！, , , , ,0, , ,
2_42,comment,吳玲玲(1584336201845870), ,2016/01/01 21:29:02, ,1018175988248988_1018245574908696,「憨人」看ㄧ次就很感動, , , , ,0, , ,
2_43,comment,Kelly  Cheng(643849062414793), ,2016/01/01 21:35:48, ,1018175988248988_1018248521575068,再次聽我還是掉淚了高雄我的故鄉 加油, , , , ,0, , ,
2_44,comment,Sachiko Suzuki(1380040065652551), ,2016/01/01 21:37:48, ,1018175988248988_1018249714908282,昨天 ，今天我聽『勇敢』。『憨人』『勇敢』台語很難。…??鼻歌…, , , , ,15, , ,
2_45,comment,張竹竹(935984713090460), ,2016/01/01 21:38:37, ,1018175988248988_1018250134908240,黃懋宸我們那時後還是聽現場版的！！一年後再聽還是很感動~,tagging, , , ,3, , ,
2_46,comment,林奕辰(968738916482956), ,2016/01/01 21:45:28, ,1018175988248988_1018253761574544,鄭宇廷  陳翌舟 的憨人 一定更猛,tagging, , , ,0, , ,
2_47,comment,Cindy  Huang(474440426042587), ,2016/01/01 21:48:34, ,1018175988248988_1018255364907717,一年了...., , , , ,0, , ,
2_48,comment,Koma Wong(612469898897383), ,2016/01/01 21:57:36, ,1018175988248988_1018259398240647,香港樂壇以前有Beyond，台灣現在則有五月天 Mayday！,tagging, , , ,9, , ,
2_49,comment,Huiyuan Loy(10205554831843732), ,2016/01/01 21:58:27, ,1018175988248988_1018259874907266,柯文哲 五月天教你唱啦，不要洩氣嘿!!!!!,tagging, , , ,41, , ,
2_50,comment,李承儒(1111772418848544), ,2016/01/01 22:01:41, ,1018175988248988_1018261451573775,花媽LA得還不錯的說, , , , ,0, , ,
2_51,comment,Travis Fong(10206082234363265), ,2016/01/01 22:02:48, ,1018175988248988_1018261864907067,五月天新年快?！！！, , , , ,0, , ,
2_52,comment,Hsu JessicaApple(965832026775249), ,2016/01/01 22:05:44, ,1018175988248988_1018263718240215,超感動，謝謝幫助高雄恢復的所有人，謝謝五月天??????????, , , , ,15, , ,
2_53,comment,鄧心喻(1088249507865380), ,2016/01/01 22:12:45, ,1018175988248988_1018265998239987,羅尹旻整個邊看邊哭,tagging, , , ,0, , ,
2_54,comment,Peggy Tseng(10202350478443307), ,2016/01/01 22:14:51, ,1018175988248988_1018266511573269,https://www.facebook.com/PttGossiping/posts/715379325266401, , , , ,0, , ,
2_55,comment,張原章(819522851460685), ,2016/01/01 22:48:35, ,1018175988248988_1018277204905533,張意炘 五月天上場救援!!,tagging, , , ,1, , ,
2_56,comment,黃鵬達(978380695508476), ,2016/01/01 22:58:22, ,1018175988248988_1018281038238483,天龍人你們輸了，看我們菊姐啦的多麼好啊^^, , , , ,2, , ,
2_57,comment,Tina Wu(1027915367223068), ,2016/01/01 23:01:30, ,1018175988248988_1018282188238368,超喜歡五月天, , , , ,0, , ,
2_58,comment,施惠雁(868192306612277), ,2016/01/01 23:07:26, ,1018175988248988_1018287674904486,Meng Xuan Li 去年我們在現場呢！ 謝啦∼,tagging, , , ,1, , ,
2_59,comment,??允(1571978276380071), ,2016/01/01 23:14:50, ,1018175988248988_1018290681570852,今天突然?得生活好迷茫，明明有很多事情需要做，但是?告?自己?有??，可以先放松一下，一看日?才????所剩?几，?了那???，勇敢再勇敢，就是我?在要?自己?的，?了留?，?了大??，2016陪我一起加油，一起勇敢，好?？, , , , ,11, , ,
2_60,comment,林芊妤(549756485189011), ,2016/01/01 23:17:49, ,1018175988248988_1018292431570677,蔡蓁茵,tagging, , , ,1, , ,
2_61,comment,Chia-Sheng Hsiao(1136165306395945), ,2016/01/01 23:29:58, ,1018175988248988_1018297434903510,有市長版的嗎??? XD, , , , ,0, , ,
2_62,comment,閻敏琪(10202617021425874), ,2016/01/01 23:39:16, ,1018175988248988_1018300754903178,我兒子聽到柯p唱，竟然問我這是什麼歌？我說這歌是你們天天在唱的憨人, , , , ,12, , ,
2_63,comment,高禾秦(10203059968534248), ,2016/01/01 23:42:04, ,1018175988248988_1018301681569752,Chantal Chen 我又再次看到妳了,tagging, , , ,0, , ,
2_64,comment,Shan Shuxian(10152933621827562), ,2016/01/01 23:50:21, ,1018175988248988_1018304568236130,憨人就是要勇敢, , , , ,0, , ,
2_65,comment,蘇順益(935676289785843), ,2016/01/01 23:51:20, ,1018175988248988_1018304834902770,謝謝五月天, , , , ,0, , ,
2_66,comment,Vivian Chou(1057634004251869), ,2016/01/01 23:55:01, ,1018175988248988_1018306384902615,, , , , ,0, , ,
2_67,comment,Chi Hua Chen(988527451165271), ,2016/01/02 00:11:05, ,1018175988248988_1018313514901902,聽到憨人真的也很感動，尤其是「不要到遇到災難才是ㄧ家人」真的感觸良多。謝謝你們??????, , , , ,4, , ,
2_68,comment,黃小龍(948222311869314), ,2016/01/02 00:32:36, ,1018175988248988_1018323968234190,今天把你們去年1/1的演出重新看過，過了一年再看一次，感覺更不一樣了...., , , , ,0, , ,
2_69,comment,Annie Hsiu Wen(420131664831351), ,2016/01/02 00:42:36, ,1018175988248988_1018327914900462,哈哈感覺柯P是唸歌不是唱歌啦, , , , ,1, , ,
2_70,comment,Iris Hu(1068151679866679), ,2016/01/02 00:52:30, ,1018175988248988_1018332504900003,科科~, , , , ,0, , ,
2_71,comment,蕭又升(1102013429812385), ,2016/01/02 00:55:05, ,1018175988248988_1018333514899902,過了1年~看到一樣很感動~感謝五月天代言高雄~, , , , ,2, , ,
2_72,comment,黃小婷(804673829585960), ,2016/01/02 00:58:45, ,1018175988248988_1018334881566432,隔了一年還是超感動的∼, , , , ,0, , ,
2_73,comment,Miki Cham(10208547264345591), ,2016/01/02 01:07:06, ,1018175988248988_1018340148232572,好想去好想去好想去, , , , ,0, , ,
2_74,comment,粘蓓蓓(10203953967351847), ,2016/01/02 01:11:20, ,1018175988248988_1018342521565668,勇敢的憨人Fighting??, , , , ,0, , ,
2_75,comment,謝源展(1592230224378162), ,2016/01/02 02:17:27, ,1018175988248988_1018382291561691,2016的我會勇敢繼續堅持做憨人。, , , , ,0, , ,
2_76,comment,Aier Huang(10206052041679892), ,2016/01/02 02:42:58, ,1018175988248988_1018394528227134,看完哭慘了。。, , , , ,0, , ,
2_77,comment,Michael Kegel(10206220808265176), ,2016/01/02 05:37:33, ,1018175988248988_1018448791555041,我希望我會台語??, , , , ,1, , ,
2_78,comment,呂凱莉(872684966088202), ,2016/01/02 06:41:26, ,1018175988248988_1018467268219860,江奕鋒,tagging, , , ,0, , ,
2_79,comment,Wei-Lun Lu(965252296838488), ,2016/01/02 07:12:03, ,1018175988248988_1018474968219090,看一次哭一次，謝謝五月天，謝謝當時的所有感動, , , , ,0, , ,
2_80,comment,陳文(10153386049711764), ,2016/01/02 07:50:40, ,1018175988248988_1018484008218186,這畫面真的很感人, , , , ,0, , ,
2_81,comment,張凱祺(833421076728390), ,2016/01/02 08:50:13, ,1018175988248988_1018499571549963,謝謝Mayday帶來的溫暖, , , , ,0, , ,
2_82,comment,楊詠淇(617854581680764), ,2016/01/02 08:57:43, ,1018175988248988_1018502574882996,腦中自動浮現柯市長啊！??????, , , , ,1, , ,
2_83,comment,彭鳳梅(146457079061318), ,2016/01/02 09:43:07, ,1018175988248988_1018538554879398,柯文哲：唱的就是五月天的歌啊、救命啊, , , , ,1, , ,
2_84,comment,Ah Wong(898837320181920), ,2016/01/02 10:43:33, ,1018175988248988_1018557131544207,Choon Sien,tagging, , , ,0, , ,
2_85,comment,Wiky Ou(10153191906834301), ,2016/01/02 10:49:37, ,1018175988248988_1018560841543836,每次看每次泛淚，不是哀傷，是情之所起。阿信都教了花媽，也出面教教柯P如何啦“憨人”吧！ XDD（歪樓）, , , , ,3, , ,
2_86,comment,賴彥如(1021974207832486), ,2016/01/02 10:53:45, ,1018175988248988_1018561801543740,阿信好棒唷∼加油唷∼我一定會支持你到底的~~~~, , , , ,0, , ,
2_87,comment,張哲睿(1653283398293285), ,2016/01/02 11:07:25, ,1018175988248988_1018576574875596,這個真的是阿信本人創的嗎, , , , ,0, , ,
2_88,comment,Tony Ynot(10153199326596202), ,2016/01/02 11:36:20, ,1018175988248988_1018584224874831,Dee,tagging, , , ,1, , ,
2_89,comment,朱?(168241160205446), ,2016/01/02 12:07:42, ,1018175988248988_1018592888207298,新年快樂！嗨起?, , , , ,0, , ,
2_90,comment,林芸(875216349186686), ,2016/01/02 12:22:32, ,1018175988248988_1018596671540253,再看一次五月天很有愛心ㄛ阿信跟市長啦 啦啦啦，勇敢也很好聽ㄟ, , , , ,2, , ,
2_91,comment,YuanHao  Cheng(866499203468083), ,2016/01/02 12:56:43, ,1018175988248988_1018604041539516,五月天你要去救救市長, , , , ,0, , ,
2_92,comment,Troy Chiu(1061306083887094), ,2016/01/02 17:37:24, ,1018175988248988_1018678951532025,要加字幕 不然市長會恍神(咦?, , , , ,1, , ,
2_93,comment,Yuki Yang(1118603638155717), ,2016/01/02 18:09:07, ,1018175988248988_1018688008197786,MV的68901247是代表？, , , , ,0, , ,
2_94,comment,朱天嶼(694522964025215), ,2016/01/02 18:20:41, ,1018175988248988_1018692604863993,因為..所以..希望...台灣會更好...謝謝你們, , , , ,0, , ,
2_95,comment,Moco  Kimoco(740779086043374), ,2016/01/02 22:22:59, ,1018175988248988_1018769651522955,忍不住又感動了！ 謝謝你們總給受傷的人們滿滿的力量, , , , ,1, , ,
2_96,comment,曾詩雅(1064893373526792), ,2016/01/02 22:32:52, ,1018175988248988_1018772938189293,柯市長需要五月天來救救他啊~~, , , , ,2, , ,
2_97,comment,劉芷云(726555697442576), ,2016/01/02 23:03:49, ,1018175988248988_1018782894854964,柯p超經典∼????, , , , ,0, , ,
2_98,comment,Min Huang(972170652793429), ,2016/01/02 23:59:53, ,1018175988248988_1018807634852490,哈哈 好壞 教唱版, , , , ,0, , ,
2_99,comment,鄭容和(675839409206252), ,2016/01/03 00:29:06, ,1018175988248988_1018818938184693,好壞噢????, , , , ,0, , ,
2_100,comment,Elisa Twu(968896323123535), ,2016/01/03 01:38:14, ,1018175988248988_1018844454848808,Hon Cheng Ng ??,tagging, , , ,0, , ,
2_101,comment,陳芳榆(389406067935407), ,2016/01/03 09:27:11, ,1018175988248988_1019013334831920,廖翊妏哈哈哈哈哈哈哈，我笑了五月天教柯p唱,tagging, , , ,1, , ,
2_102,comment,紫虹(1041946859166272), ,2016/01/03 14:19:58, ,1018175988248988_1019097458156841,我到底要不要略過廣告ww, , , , ,0, , ,
2_103,comment,張小瑜(1061545387198839), ,2016/01/03 14:55:33, ,1018175988248988_1019110318155555,張雯伈好感人喔∼,tagging, , , ,0, , ,
2_104,comment,Mu Chi Huang(10204155341232105), ,2016/01/03 15:39:37, ,1018175988248988_1019122734820980,借分享 謝謝, , , , ,0, , ,
2_105,comment,YI Wan(10155373411195515), ,2016/01/03 15:44:17, ,1018175988248988_1019124058154181,真正?男神就係睇十年，二十年，三十都唔會厭?????, , , , ,0, , ,
2_106,comment,陳鈺涵(1078996258783520), ,2016/01/04 01:57:05, ,1018175988248988_1019319724801281,陸弘庭??,tagging, , , ,0, , ,
2_107,comment,謝燦松(885361558193574), ,2016/01/04 07:04:14, ,1018175988248988_1019428798123707,一年了 倏忽即逝 但依舊感動。, , , , ,0, , ,
2_108,comment,王雅惠(894685667220841), ,2016/01/04 08:18:52, ,1018175988248988_1019449321454988,"憨人"可是我的最愛哩！, , , , ,0, , ,
2_109,comment,關金馨(934435569911472), ,2016/01/04 16:04:35, ,1018175988248988_1019588911441029,棒http://www.appledaily.com.tw/realtimenews/article/sports/20160104/767341/, , , , ,0, , ,
2_110,comment,蔡喬喬(1082278661797909), ,2016/01/04 16:28:49, ,1018175988248988_1019598654773388,勇敢的憨人~~~ XDD, , , , ,0, , ,
2_111,comment,藍天(1573347146237096), ,2016/01/04 17:10:10, ,1018175988248988_1019607394772514,http://m.appledaily.com.tw/realtimenews/article/new/20160104/767341/謝謝你們 !繼續 勇敢 寫作，繼續 唱出 心的聲音。讓社會 還有 生活 可以追，可以 努力 用音樂 帶動。更多 奇怪 逆轉的希望，有力量，我們 一定 能成就 自己，也能 響應 每個最美的力量，凝聚 台灣 心...謝謝你們 ！ 我的...五月天(*?︶?*).?.:*?, , , , ,0, , ,
2_112,comment,藍天(1573347146237096), ,2016/01/04 17:10:46, ,1018175988248988_1019607498105837,, , , , ,0, , ,
2_113,comment,陳育蓉(1026255917392063), ,2016/01/05 15:06:59, ,1018175988248988_1020095438057043,感謝能有個小空間貼上這篇文章~我愛台灣~所以我投三號宋楚瑜。【有一種希望名為-----宋楚瑜】這次總統大選我選擇關掉了電視不給媒體們有荼毒我的機會也不讓他們輕易的操控了我手中這張神聖的選票（現今媒體們人手一握都麻是數千張選票~早已破壞了一人一票的遊戲規則，且甘願奉上自己選票給媒體的都是那些很認真聽媒體編故事的心盲觀眾)那我這回該如何深入了解這三位候選人的治國真本領呢？這回我選擇向心靠攏用心來觀看這三位候選人的競選廣告與辯論會上的核心價值因為競選廣告最終是由候選人拍板定案的所以呈現的內容有著他要帶領臺灣朝往什麼樣的理想願景來前行和他們人品裡又有著多少真誠的成份這樣一路看下來有些競選廣告讓我噗嗤一笑有些則是讓我摸不著頭緒根本無解他所要傳達的理念是什麼？實在話看完我重度空虛啊。。。。。唯獨只有宋楚瑜先生的競選廣告所傳達的方向與核心價值深得我心看他的廣告與聽他的辯論會真是享受更是習得良多裡面都是他那不凡的睿智與真正的民主精神足以讓人民學習與肅立好典範當越是深入宋楚瑜先生的故事裡越是打從心底對他肅然起敬  尤其是從政的這一路上貫徹了經國先生三民主義的那份赤膽忠誠再到這幾次的總統候選人辯論會上我更加篤定宋楚瑜先生就是下屆總統的不二人選他的政見與治理方向是既明瞭又深植我心他憑著那獨到的治國方針對臺灣現況的每一個傷口對症下藥但是後續該如何換藥與包紮使之痊癒就得要全民一同宋進總統府了他才能為臺灣進行從頭到腳從裡到外從身到心的全面性治療人民若真要讓臺灣康復必定要投給有【治理國家】與【治癒國家】真本事的宋楚瑜先生而辯論會上蔡主席與朱主席只敢互丟殺球痛擊彼此而蓄意邊緣化宋楚瑜先生但是我完全得以理解他們的顧忌與害怕因為他們比誰都清楚不管丟多殺的壞球給宋楚瑜先生接他都能把球如實的接穩後再來個漂亮的回傳這豈不是讓宋楚瑜先生順勢得分的絕佳機會了天殺的那可不行啊!所幸把他邊緣化即是兩黨唯一的上上之策了所以只能邊緣化宋楚瑜先生這無疑是兩黨對他最高度的讚賞了！臺灣此刻必須成長與走向康復當然!這不是我一個市井小民說的算是道道血肉模糊的傷口說的算傷口它自個有著強烈康復的意念【傷口在向人民吶喊著我需要宋總統】你們可否聽到了？有否向心靠攏用心來傾聽呢?是的!宋楚瑜先生正是因這道道傷口而再一次的請命出戰他又是為誰請命!就為中華民國這千千萬萬個子民們請命!他沒有足夠的軍備火力也沒有足夠的金錢支援更甚至與敵營那龐大的軍隊有著天壤之別的懸殊所以投入宋營的戰士們個個都必須要有肩負以一擋千的大無畏精神在種種不允許的環境之下他到底是抱持著什麼樣的決心執意再次跳入戰場不就是依著那大無畏的膽量與獨到的治國方針和一份濃烈的愛國愛民鐵了心的就是要擁我們入懷裡疼的那份情啊！!就是這麼簡單!!而令我最為感動的是市井小民們都被宋楚瑜精神所深深打動且更是感念他曾經對臺灣人民的照顧與貢獻因而都自願投入了宋營上場迎戰令人欣喜的是有更多的選民們紛紛覺醒投入宋營人數是開啟暴衝模式奮力攀升中啊！你們知道這一切可貴在哪嗎？就可貴在於【人民都是“自願”上場與他並肩作戰】深入理解了他的故事與精神後都會被他這股渲染力與感召力深深打動奮而甘願為他上場迎戰迎接2016勝戰的到來臺灣邁向進步還是原地踏步或是向後退步2016年是決定性的關鍵任何一人都不能更不允許在進步的蓋子上阻塞著它若這樣做將會被進步的力量炸得粉身碎骨到底是民主進步黨還是民主退步黨也不是我說的算而是臺灣全民選票說的算2016，1，16我們會用選票清清楚楚說給您們聽務必請蔡主席與朱主席一定要輸得起唯有您們兩人輸了全台灣人民才得以勝利若以人民福祉為最高理想來看的話您們這一輸是無比的光榮與人民對您們無盡感謝這一役在我心中的您們是驕傲的退場真的!再次感謝您們的參與全臺灣人民啊!咱們一月十六日就高舉手中這一票恭賀宋楚瑜總統~高票當選!!!中華民國萬歲!!!https://m.facebook.com/coolsoong/, , , , ,0, , ,
2_114,comment,減重達人 艾琳教你輕鬆瘦(1568542286757603), ,2016/01/06 14:27:51, ,1018175988248988_1020581808008406,好棒, , , , ,0, , ,
2_115,comment,?英(167656063607220), ,2016/01/08 08:19:21, ,1018175988248988_1021424471257473,支持、加油。 #MMMGlobal, , , , ,0, , ,
2_116,comment,許逸喬 Josh(205837372838628), ,2016/01/08 19:48:58, ,1018175988248988_1021637261236194,感動死了, , , , ,0, , ,
2_117,comment,Eddy Tan(10206412806215617), ,2016/01/09 09:45:38, ,1018175988248988_1021930081206912,https://youtu.be/7TDrXHzYQcc, , , , ,0, , ,
2_118,comment,張佳玲(979687728774635), ,2016/01/09 11:21:45, ,1018175988248988_1021961251203795,?  ^_^   ?  ?  ?一個胖媽咪的真實經驗， 後來我學了一招，天然的減重方法 以前有便秘 + 肥胖的困擾，現在都順暢了!! 美麗希望獻給妳們，按我名字進來，看分享。  ?  ^_^   ?  ?  ?, , , , ,0, , ,
2_119,comment,周昕鈺(747554812010274), ,2016/01/09 12:07:27, ,1018175988248988_1021972627869324,五月天真的很能激勵人心謝謝你們期待你們的作品啦啦啦啦~~~我有我的路, , , , ,0, , ,
2_120,comment,Eddy Tan(10206412806215617), ,2016/01/09 20:53:50, ,1018175988248988_1022148274518426,https://youtu.be/x0-BbP3AziI, , , , ,0, , ,
2_121,comment,張佳玲(541030262732367), ,2016/01/09 21:25:27, ,1018175988248988_1022158877850699,?  ^_^   ?  ?  ?看著鏡子肥胖的自己，美麗離我很遙遠… 在網路上看到有媽咪分享的 減肥秘訣 就試試看 我好愛現在瘦瘦的自己，瘦身成功好棒 !! 點我名字進來看，方法完整分享  ?  ^_^   ?  ?  ?, , , , ,0, , ,
2_122,comment,Eddy Tan(10206412806215617), ,2016/01/10 18:47:38, ,1018175988248988_1022684857798101,https://youtu.be/cUu23zcsH5s, , , , ,0, , ,
2_123,comment,SK Kong(964167993620482), ,2016/01/10 20:02:39, ,1018175988248988_1022711817795405,?  ^_^   ?  ?  ?對於「瘦身失敗」這件事，我曾經深深煩惱著。 朋友知道我想瘦，分享超好用的方法。 瘦4公斤，天啊!! 想要變漂亮 變瘦，就進來我FB看看吧  ?  ^_^   ?  ?  ?, , , , ,0, , ,
2_124,comment,Eddy Tan(10206412806215617), ,2016/01/10 21:49:08, ,1018175988248988_1022774757789111,https://youtu.be/cUu23zcsH5s, , , , ,0, , ,
2_125,comment,曹王誥(1587669378150379), ,2016/01/13 02:39:16, ,1018175988248988_1024080944325159,媒體封鎖宋北北的消息我們只能用網路 雙腳 將更多的消息傳給大家！這是民主國家的恥辱！, , , , ,0, , ,
2_126,comment,曹王誥(1587669378150379), ,2016/01/13 02:39:30, ,1018175988248988_1024081024325151,宋楚瑜總統候選人國際記者會，外媒犀利提問兩岸問題，宋展現中華民國準總統高度及沉穩度！https://youtu.be/qICjxV6a2N0, , , , ,0, , ,
2_127,comment,Emily Lin(1098869733462378), ,2016/01/13 03:22:22, ,1018175988248988_1024097920990128,新年一起加油吧！, , , , ,0, , ,
2_128,comment,Zheng Hong Cai(1116585861690860), ,2016/01/14 00:20:39, ,1018175988248988_1024535727613014,孫逸寧 這我偶像的現場,tagging, , , ,0, , ,
2_129,comment,Ssu-Wen Chen(10205269767036293), ,2016/01/14 01:24:40, ,1018175988248988_1024559594277294,柯市長快來看教學啊XD, , , , ,0, , ,
2_130,comment,Pam Pame(553216218171246), ,2016/01/15 04:50:40, ,1018175988248988_1025113304221923,<3 :3, , , , ,0, , ,
2_131,comment,Elisa Hu(1475934649393733), ,2016/01/15 09:25:05, ,1018175988248988_1025204867546100,, , , , ,0, , ,
2_132,comment,Elisa Hu(1475934649393733), ,2016/01/15 09:25:39, ,1018175988248988_1025205044212749,, , , , ,0, , ,
2_133,comment,Elisa Hu(1475934649393733), ,2016/01/15 09:25:57, ,1018175988248988_1025205087546078,, , , , ,0, , ,
2_134,comment,Elisa Hu(1475934649393733), ,2016/01/15 09:26:12, ,1018175988248988_1025205130879407,為了臺灣的未來, , , , ,0, , ,
2_135,comment,George Yeh(1025579330794377), ,2016/01/15 14:59:54, ,1018175988248988_1025307804202473,https://youtu.be/kP-geR5VO_U 因為喜歡這首勵志的歌曲，花了些時間將這首歌改編成了純吉他的演奏版本。, , , , ,2, , ,
2_136,comment,Aya Higuchi(976760462390142), ,2016/01/15 23:16:10, ,1018175988248988_1025462770853643,如果五月天解散的話，我活不下去, , , , ,0, , ,
2_137,comment,Molo Wang(1580255725578961), ,2016/01/16 04:32:27, ,1018175988248988_1025582157508371,JYP如同伊斯蘭國行刑人質式的要子瑜道歉，決難接受！中華民國政府和企業鉅富們都死了嗎？快接子瑜回家吧！鴻海郭董，HTC王董，台塑王董，華碩施董，日月光王董，台積電張董?你們去那裡了？, , , , ,0, , ,
2_138,comment,Arthur Lee(995558007121222), ,2016/01/16 13:52:46, ,1018175988248988_1025783224154931,勇敢站出來, , , , ,0, , ,
2_139,comment,Jeff  Chen(601948633279599), ,2016/01/16 21:41:51, ,1018175988248988_1025926007473986,看看　施文彬　想想自己, , , , ,0, , ,
2_140,comment,Steven Chang(1020813787947259), ,2016/01/18 17:30:04, ,1018175988248988_1026848064048447,http://www.chinatimes.com/realtimenews/20160117003726-260409, , , , ,0, , ,
2_141,comment,林奕呈(1738601959691930), ,2016/01/18 21:45:08, ,1018175988248988_1026936524039601,可以讓我當館嗎, , , , ,0, , ,
2_142,comment,Umer Ali(1037176029685749), ,2016/01/19 14:19:15, ,1018175988248988_1027324750667445,??????????, , , , ,0, , ,
2_143,comment,黃嘉惠(1613764212199007), ,2016/01/20 19:28:39, ,1018175988248988_1027862850613635,安祿山之亂/基度山恩仇錄/枕頭山障礙賽∼打個蛋花-︿-". 嗶...嗶...嗶...-︿-"., , , , ,0, , ,
2_144,comment,黃嘉惠(1613764212199007), ,2016/01/21 19:35:59, ,1018175988248988_1028348100565110,天灰灰∼會不會∼夢醒無人相依偎∼夜越黑∼夢違背∼難追難回味∼我的世界將被摧毀∼也許事與願違∼發發發∼一路發∼第十張∼（貪婪之島).漫畫人生∼, , , , ,0, , ,
2_145,comment,黃嘉惠(1613764212199007), ,2016/01/21 20:05:03, ,1018175988248988_1028356930564227,0.4∼雖然因為生病後記性退化的很嚴重，而打了一份草稿，但是照著騰出來的時候，還是很脫線的在故事的結尾漏掉了∼END∼三個字，然後不重要卻覺得很重要但好像沒有這個必要？, , , , ,0, , ,
2_146,comment,黃嘉惠(1613764212199007), ,2016/01/21 23:06:14, ,1018175988248988_1028420273891226,我的病，拖累了我認識的人，我只能等每天早上睡醒的時候，我的病情好轉，對我來說讓自己活下去就已經是個奇蹟。, , , , ,0, , ,
2_147,comment,項少龍(1702716316652510), ,2016/01/22 14:37:54, ,1018175988248988_1028745067192080,持續一直攻擊我的個人電腦 這是我的個人路由器攔截的資料截圖https://fbcdn-sphotos-e-a.akamaihd.net/hphotos-ak-xpt1/v/t1.0-9/12631301_1699308646993277_6129208348983435868_n.jpg?oh=080928d60b6ccb322a2473010b4cb202&oe=57485652&__gda__=1464397266_3233f04a59826a6d34ff7c40d13d983b網路駭客：無故入侵電腦、無故取得刪除變更電磁紀錄、無故干擾他人電腦及製作專供電腦犯罪之程式等行為列入處罰(刑法第358、359、360條)。網路犯罪行為台灣當局至今對於網路犯罪行為一直非常的消極 相關的立法一直到現在還是沒有相關政府單位可以處理，例如 網路購物詐騙 網路個資的不當盜取 惡意攻擊個人電腦或網站 網路霸凌 病毒施放者 等等 一堆網路的犯罪行為 現今已經是網際網路的年代 然而執政者相關的立法單位卻一直漠視這一的區塊 台灣的民眾到底還要忍受到何時 難道虛擬的犯罪行為就不是犯罪行為嗎 非也 是政府的放縱漠視所導致如果還不馬上立法相信有心人士刻意透過網路產生的犯罪行為只會越來越囂張。, , , , ,0, , ,
2_148,comment,張怡雅(977220085681792), ,2016/01/22 14:39:34, ,1018175988248988_1028745360525384,?  ^_^   ?  ?  ?只要用對方法 身材想瘦，很容易。 好友也是個媽咪，分享她的保養秘訣給我。 用對方法很快瘦好幾公斤，可以穿漂亮衣服了!! 想要變漂亮 變瘦，就進來我FB看看吧  ?  ^_^   ?  ?  ?, , , , ,0, , ,
2_149,comment,Hing So(1546925292301130), ,2016/01/22 15:29:19, ,1018175988248988_1028760203857233,17 Match免費配對交友/單身約會/陌生人聊天apphttps://play.google.com/store/apps/details?id=chat.matchdate17 Match app 是一個全新概念的簡單免費愛情配對交友APP，輕鬆易用，簡單交友!17chat 台灣香港免費交友/單身約會/聊天app，台灣型男美女集中地:https://play.google.com/store/apps/details?id=chat.chatingtostrangers??西?/新加坡二手??交易app:https://play.google.com/store/apps/details?id=trade.malaybuyandsell香港二手買賣交易app，超簡單易用，買賣分類超齊全!!!幫你買賣更好價錢!!: https://play.google.com/store/apps/details?id=trade.hkbuyandsell台灣二手買賣交易app: https://play.google.com/store/apps/details?id=trade.twbuyandsell最正台灣交友FB群: https://www.facebook.com/groups/545718235575565/香港交友FB群: https://www.facebook.com/groups/896442250439402成人交友約會FB: https://www.facebook.com/groups/1501397430160225/, , , , ,0, , ,
2_150,comment,張怡雅(759422690857134), ,2016/01/23 10:12:10, ,1018175988248988_1029128857153701,?  ^_^   ?  ?  ?每天做一次就能「瘦下」方法是 ? 原來只要處理好 身體基礎代謝，就可以變美。 每天只有早上喝一杯，我就瘦4公斤!! 這次妳也可以瘦下來，我把方法放在FB，進來看  ?  ^_^   ?  ?  ?, , , , ,0, , ,
2_151,comment,張怡雅(529398723907853), ,2016/01/24 03:00:12, ,1018175988248988_1029464350453485,?  ^_^   ?  ?  ?肚子、手臂、身體滋生的肥肉，妳想改變這一切嗎 ? 聚餐時，姐妹們教我…身材變瘦的方法。 真的瘦快四公斤，好開心!! 想要變漂亮 變瘦，就進來我FB看看吧  ?  ^_^   ?  ?  ?, , , , ,0, , ,
2_152,comment,王曉嬌(167986373571647), ,2016/01/24 06:22:42, ,1018175988248988_1029533833779870,我：頭髮一團遭。那麼完美的五人...怎麼一點都不羨慕。可是你們的才幹！(我也是認同的), , , , ,0, , ,
2_153,comment,劉正雄(1607005169544209), ,2016/01/24 18:51:38, ,1018175988248988_1029742520425668,請鎖定98.3好事聯播網~港都電台~, , , , ,0, , ,
2_154,comment,???(172667629770811), ,2016/01/25 08:57:18, ,1018175988248988_1030070267059560,?  ^_^   ?  ?  ?每天只花5分鐘能減~肥怎麼做 ? 好友也是個媽咪，分享她的保養秘訣給我。 瘦下來之後，感覺就像年輕了10歲。 真實的經驗，進來我FB看方法  ?  ^_^   ?  ?  ?, , , , ,0, , ,
